fname,label,Acoustic_guitar,Bass_drum,Cello,Clarinet,Double_bass,Flute,Hi-hat,Saxophone,Snare_drum,Violin_or_fiddle,y_pred
5388d14d.wav,Saxophone,0.18830689787864685,0.025677764788269997,0.032742369920015335,0.00321762403473258,0.00016148797294590622,0.00707204407081008,0.014132246375083923,0.13296809792518616,0.3401331305503845,0.25558826327323914,Snare_drum
c685f05f.wav,Saxophone,0.2345561534166336,0.14652562141418457,0.039834506809711456,0.0022955304011702538,0.012268081307411194,0.021226774901151657,0.028812218457460403,0.3597716987133026,0.13189449906349182,0.022814925760030746,Saxophone
36d20ab5.wav,Saxophone,0.027546405792236328,5.781307118013501e-05,6.879823786221095e-07,9.477394513623949e-08,4.2363242869214446e-07,8.520595656591468e-06,5.3892879805061966e-05,0.0017582178115844727,0.9705215096473694,5.2389423217391595e-05,Snare_drum
d6665734.wav,Saxophone,0.07900018990039825,0.013828977011144161,0.08457053452730179,0.0009336627554148436,0.06763016432523727,0.07531484216451645,0.0011102776043117046,0.32549333572387695,0.2909115254878998,0.06120654195547104,Saxophone
7352e28f.wav,Saxophone,0.18482930958271027,0.004197144415229559,0.03354625776410103,0.020983826369047165,0.09655239433050156,0.009097167290747166,0.0009981996845453978,0.6308433413505554,0.0001681287249084562,0.018784174695611,Saxophone
8fa096bf.wav,Saxophone,0.3578295409679413,0.047084469348192215,0.08065792918205261,0.003133184975013137,0.1618531346321106,0.03343836963176727,0.001764664426445961,0.26722314953804016,0.028781168162822723,0.01823437586426735,Acoustic_guitar
2f9c5f62.wav,Saxophone,0.10068807005882263,0.006334624718874693,0.0017240403685718775,3.2466214179294184e-05,0.00013786541239824146,0.0003652586601674557,0.017408227548003197,0.2837485373020172,0.5847208499908447,0.004840090870857239,Snare_drum
9cd05a2b.wav,Saxophone,0.22651244699954987,0.04755445569753647,0.11796829849481583,0.00874214619398117,0.19606655836105347,0.027409154921770096,0.013716209679841995,0.18972040712833405,0.12183228880167007,0.050478074699640274,Acoustic_guitar
ab465bf9.wav,Saxophone,0.24705831706523895,0.00293164630420506,0.05497429892420769,0.03190934285521507,0.01642432063817978,0.02672441676259041,0.002328048227354884,0.5442972779273987,0.001351257087662816,0.0720008984208107,Saxophone
c40632d7.wav,Saxophone,0.19025731086730957,0.006004648748785257,0.010740636847913265,0.0013843524502590299,0.002954629948362708,0.02172093838453293,0.009939054027199745,0.47788891196250916,0.22198255360126495,0.057127054780721664,Saxophone
3a80061f.wav,Saxophone,0.09150730073451996,0.010261260904371738,0.15009362995624542,0.013806653209030628,0.30217763781547546,0.045621357858181,0.001068158308044076,0.12907858192920685,0.22619986534118652,0.030185552313923836,Double_bass
dba6817d.wav,Saxophone,0.06869585067033768,0.01754951849579811,0.052052609622478485,0.0001168160088127479,0.006769726984202862,0.1750289350748062,0.0006815053639002144,0.17990127205848694,0.45181846618652344,0.0473853200674057,Snare_drum
25f26095.wav,Saxophone,0.17007768154144287,0.10497299581766129,0.03685043007135391,0.008570464327931404,0.05612589791417122,0.13024932146072388,0.02617102861404419,0.2777600884437561,0.16102105379104614,0.02820102497935295,Saxophone
37cebbd4.wav,Saxophone,0.24678190052509308,0.011096206493675709,0.13435719907283783,0.026204917579889297,0.15158666670322418,0.13081136345863342,0.02369099110364914,0.219927117228508,0.007632371038198471,0.04791124537587166,Acoustic_guitar
f8d96888.wav,Saxophone,0.14958599209785461,0.007105516269803047,0.065104641020298,0.004878532607108355,0.3526557981967926,0.05328763276338577,0.004373294301331043,0.08826401829719543,0.20688074827194214,0.06786389648914337,Double_bass
d94c94f0.wav,Saxophone,0.028570741415023804,0.03217121213674545,0.019567877054214478,0.00028212700271978974,0.012484143488109112,0.020592935383319855,0.0022313708905130625,0.1400035172700882,0.7015560865402222,0.04253997653722763,Snare_drum
ec6afeb6.wav,Saxophone,0.1426057070493698,0.016800113022327423,0.059357136487960815,0.017950326204299927,0.06062598526477814,0.0696919709444046,0.009368611499667168,0.5784565806388855,0.0038840759079903364,0.04125966131687164,Saxophone
5f0dc8e4.wav,Saxophone,0.35165858268737793,0.07502580434083939,0.03783316910266876,0.0005039829411543906,0.03153619542717934,0.02833704464137554,0.022029438987374306,0.002802289789542556,0.4481492042541504,0.0021242755465209484,Snare_drum
b8c0a88a.wav,Saxophone,0.04510154202580452,0.0008110118797048926,0.060167282819747925,0.00015821454871911556,0.7658103108406067,0.01216360554099083,6.9966830778867e-05,0.00324416090734303,0.09944920241832733,0.013024738989770412,Double_bass
96dad435.wav,Saxophone,0.5360240936279297,0.024841031059622765,0.035728819668293,0.002440178534016013,0.1867390275001526,0.020010896027088165,0.012850728817284107,0.13810870051383972,0.0302930548787117,0.01296352781355381,Acoustic_guitar
b120dc90.wav,Saxophone,0.28021273016929626,0.039247505366802216,0.012808260507881641,0.0006093542324379086,0.000454658642411232,0.01760546863079071,0.017861710861325264,0.2424178272485733,0.3780527710914612,0.010729720816016197,Snare_drum
c1948f24.wav,Saxophone,0.023756224662065506,5.192254684516229e-05,0.013712305575609207,0.0003794673830270767,7.268169429153204e-05,0.0005086364108137786,0.0002580436412245035,0.8730033040046692,0.07492374628782272,0.013333636336028576,Saxophone
ac097834.wav,Saxophone,0.15460073947906494,0.01146681047976017,0.05222697556018829,0.00022347411140799522,0.09757353365421295,0.10437941551208496,0.0003596099850255996,0.049261145293712616,0.5015990138053894,0.02830931730568409,Snare_drum
4345851e.wav,Saxophone,0.09295851737260818,0.011837185360491276,0.10472969710826874,0.0006367838359437883,0.20561084151268005,0.06197783350944519,0.0015354551142081618,0.1943289190530777,0.2642074525356293,0.06217728927731514,Snare_drum
5d4f8187.wav,Saxophone,0.08255747705698013,0.0007824704516679049,0.00014827775885351002,3.0589973903261125e-05,6.933463009772822e-05,0.009141266345977783,0.000886044348590076,0.15094025433063507,0.7471046447753906,0.008339544758200645,Snare_drum
b83049f4.wav,Saxophone,0.29477402567863464,0.018321242183446884,0.03168873488903046,0.0010664206929504871,0.11554935574531555,0.030478661879897118,0.004129886161535978,0.4494635760784149,0.03695427626371384,0.017573848366737366,Saxophone
c1c3c8b9.wav,Saxophone,0.2637302875518799,0.012722166255116463,0.02984589897096157,0.003558130469173193,0.0604422464966774,0.018063176423311234,0.0036072861403226852,0.5452515482902527,0.031965017318725586,0.03081406094133854,Saxophone
78a86075.wav,Saxophone,0.0707680881023407,0.010488717816770077,0.04087548330426216,0.0004724894533865154,0.027598610147833824,0.06652586907148361,0.0029128389433026314,0.48503577709198,0.19116315245628357,0.10415905714035034,Saxophone
f0d315bc.wav,Saxophone,0.043495818972587585,0.0038141943514347076,0.001570779480971396,3.9009275496937335e-05,0.00033618180896155536,0.014739347621798515,0.0011383083183318377,0.11955372244119644,0.791845440864563,0.02346724085509777,Snare_drum
9c0838c1.wav,Saxophone,0.04918895289301872,0.006779584102332592,0.019822265952825546,0.0004607655282597989,0.020759811624884605,0.04609861969947815,0.002457737922668457,0.35809555649757385,0.43540066480636597,0.06093596667051315,Snare_drum
d6144e01.wav,Violin_or_fiddle,0.5256049633026123,0.07919477671384811,0.030871275812387466,0.00011601394362514839,0.003652031999081373,0.0037812308873981237,0.041379790753126144,0.01988896355032921,0.2941136658191681,0.001397254760377109,Acoustic_guitar
cfb9c5fd.wav,Violin_or_fiddle,0.10924946516752243,0.0915525034070015,0.05236939340829849,0.003599156392738223,0.14844098687171936,0.120132677257061,0.006060412153601646,0.022291764616966248,0.4260762929916382,0.020227378234267235,Snare_drum
c6865306.wav,Violin_or_fiddle,0.15302090346813202,0.01219232939183712,0.11177082359790802,0.10447126626968384,0.07983599603176117,0.0626063272356987,0.0018204079242423177,0.1153227835893631,0.317611426115036,0.04134759306907654,Snare_drum
642aba58.wav,Violin_or_fiddle,0.054086312651634216,0.004280291497707367,0.02921070158481598,0.0004789326339960098,0.16227826476097107,0.03505503386259079,0.0012585357762873173,0.07341975718736649,0.225306898355484,0.41462528705596924,Violin_or_fiddle
848faca3.wav,Violin_or_fiddle,0.29881390929222107,7.799468585290015e-05,0.0009052722598426044,2.216803295596037e-05,4.6012879465706646e-05,0.00011729483958333731,0.0017940672114491463,0.018177693709731102,0.6747281551361084,0.0053174435161054134,Snare_drum
7eb9dac0.wav,Violin_or_fiddle,0.5864929556846619,0.05491463840007782,0.04267958924174309,0.000295118399662897,0.008762437850236893,0.014106488786637783,0.03677431493997574,0.04142133891582489,0.20882545411586761,0.005727678071707487,Acoustic_guitar
8d7d7dba.wav,Violin_or_fiddle,0.08599349111318588,0.007894602604210377,0.045950997620821,0.0026775868609547615,0.002402661833912134,0.05418049916625023,0.0014129359042271972,0.14872531592845917,0.603531539440155,0.04723028838634491,Snare_drum
2424ad60.wav,Violin_or_fiddle,0.022934062406420708,0.0037637166678905487,0.003907404374331236,8.866708958521485e-05,0.00047415061271749437,0.01927901804447174,0.003350643441081047,0.16240020096302032,0.7610406875610352,0.022761549800634384,Snare_drum
ba648ac1.wav,Violin_or_fiddle,0.09564396739006042,0.02562347799539566,0.23939023911952972,0.019624127075076103,0.1051655262708664,0.01790338009595871,0.003442593850195408,0.008939046412706375,0.4736191928386688,0.010648487135767937,Snare_drum
2e4a9850.wav,Violin_or_fiddle,0.18121375143527985,0.02994297817349434,0.15911079943180084,0.0064198956824839115,0.49352067708969116,0.007143408991396427,4.16791153838858e-05,0.11895923316478729,3.100135290878825e-05,0.0036165686324238777,Double_bass
2cc8683d.wav,Violin_or_fiddle,0.14701078832149506,0.0051490371115505695,0.054985422641038895,0.0015863815788179636,0.21594209969043732,0.2946397662162781,0.008166766725480556,0.012226915918290615,0.23881928622722626,0.021473482251167297,Flute
7b6a119e.wav,Violin_or_fiddle,0.10261369496583939,0.35047397017478943,0.032220613211393356,0.006419324781745672,0.05036328360438347,0.10605373233556747,0.005461826454848051,0.1615421026945114,0.1511782556772232,0.03367316722869873,Bass_drum
68589f79.wav,Violin_or_fiddle,0.5792285799980164,0.03537340834736824,0.007424511481076479,0.0002137149713234976,0.0006011319346725941,0.0019127377308905125,0.024786753579974174,0.02180028147995472,0.3279077708721161,0.0007511163712479174,Acoustic_guitar
fec00143.wav,Violin_or_fiddle,0.14229775965213776,0.046256646513938904,0.03490159288048744,0.010171264410018921,0.012128359638154507,0.14084041118621826,0.014889887534081936,0.3650131821632385,0.18234045803546906,0.05116032436490059,Saxophone
1b24c166.wav,Violin_or_fiddle,0.2320844531059265,0.0029038474895060062,0.02628585882484913,0.009534214623272419,0.1114237904548645,0.0052200667560100555,0.00015023062587715685,0.60404372215271,0.00016845035133883357,0.008185325190424919,Saxophone
6eb59008.wav,Violin_or_fiddle,0.27857840061187744,0.01182567048817873,0.04179014265537262,0.008786323480308056,0.012214604765176773,0.1943839192390442,0.024715734645724297,0.22614513337612152,0.019905004650354385,0.18165500462055206,Acoustic_guitar
0e7cd4eb.wav,Violin_or_fiddle,0.022094881162047386,0.0004962329985573888,0.002123093931004405,1.7343223589705303e-05,0.023000726476311684,0.026286760345101357,0.0007531297742389143,0.00873834453523159,0.9111537337303162,0.005335860885679722,Snare_drum
56e79c6f.wav,Violin_or_fiddle,0.2810758650302887,0.010609977878630161,0.14723487198352814,0.06729082763195038,0.07989154756069183,0.04541994631290436,0.00656328396871686,0.16558174788951874,0.07956022769212723,0.11677175015211105,Acoustic_guitar
cdc5fe8e.wav,Violin_or_fiddle,0.3016604781150818,0.03131136670708656,0.0698627233505249,0.0036856448277831078,0.1253313422203064,0.04813850298523903,0.017420725896954536,0.28107473254203796,0.09733632206916809,0.024178138002753258,Acoustic_guitar
b38409bb.wav,Violin_or_fiddle,0.4958830177783966,0.009288779459893703,0.010077288374304771,0.0007602749392390251,0.015416901558637619,0.09644245356321335,0.11237140744924545,0.09478839486837387,0.15530434250831604,0.009667102247476578,Acoustic_guitar
c8c117dc.wav,Violin_or_fiddle,0.18357975780963898,0.0011957465903833508,0.04883541911840439,0.010151246562600136,0.031901512295007706,0.02892136014997959,0.004804555792361498,0.6012608408927917,0.004531082697212696,0.08481856435537338,Saxophone
b73c3595.wav,Violin_or_fiddle,0.47174063324928284,0.09275206178426743,0.04960072785615921,0.00018699384236242622,0.007669009733945131,0.005506355315446854,0.039786241948604584,0.029784444719552994,0.3011515438556671,0.001821959507651627,Acoustic_guitar
d84c8c43.wav,Violin_or_fiddle,0.338969349861145,0.011431116610765457,0.08072666078805923,0.0017839830834418535,0.1621025949716568,0.04583036154508591,0.07039742916822433,0.00787822250276804,0.2716151177883148,0.009265167638659477,Acoustic_guitar
d914225a.wav,Violin_or_fiddle,0.14629104733467102,0.0023980452679097652,0.28404054045677185,0.003980100154876709,0.419722318649292,0.029916629195213318,3.945313801523298e-05,0.08542991429567337,0.011008725501596928,0.017173273488879204,Double_bass
1148986e.wav,Violin_or_fiddle,0.03726644814014435,0.002880787244066596,0.011569981463253498,0.00040185198304243386,0.3114575743675232,0.021082866936922073,0.0029456201009452343,0.09252382069826126,0.25661665201187134,0.26325440406799316,Double_bass
e3f479f3.wav,Violin_or_fiddle,0.24677583575248718,0.004586441908031702,0.14103132486343384,0.11783654987812042,0.04173464700579643,0.025228438898921013,0.004678791854530573,0.18927419185638428,0.1146579384803772,0.11419569700956345,Acoustic_guitar
aab28420.wav,Violin_or_fiddle,0.4819224774837494,0.009210941381752491,0.018599849194288254,0.001080494374036789,0.19104830920696259,0.12523557245731354,0.00648452527821064,0.06293036788702011,0.08828600496053696,0.01520141214132309,Acoustic_guitar
21346775.wav,Violin_or_fiddle,0.14378593862056732,0.04989488422870636,0.06251547485589981,0.004530982580035925,0.011445320211350918,0.10302293300628662,0.0017145205056294799,0.4407161474227905,0.07207430154085159,0.11029956489801407,Saxophone
cdeece57.wav,Violin_or_fiddle,0.18632620573043823,0.025536401197314262,0.06052922457456589,0.029398463666439056,0.44768035411834717,0.031070586293935776,0.005636508110910654,0.18345481157302856,0.013907501474022865,0.016459930688142776,Double_bass
c9fb642d.wav,Violin_or_fiddle,0.127716064453125,0.032536961138248444,0.0317414291203022,0.00011986299796262756,0.3105861246585846,0.07816900312900543,0.0009514985722489655,0.2106282263994217,0.1328916996717453,0.07465911656618118,Double_bass
078f7ac0.wav,Hi-hat,0.3483291268348694,0.009063255041837692,0.152837872505188,0.02065078727900982,0.008020225912332535,0.09916947782039642,0.011411712504923344,0.20904459059238434,0.022461993619799614,0.11901099234819412,Acoustic_guitar
e897db78.wav,Hi-hat,0.3174024522304535,0.07595694810152054,0.04126137122511864,0.009757261723279953,0.045583855360746384,0.19120216369628906,0.019859986379742622,0.19080813229084015,0.06107136234641075,0.047096434980630875,Acoustic_guitar
b31ed1fb.wav,Hi-hat,0.08349747210741043,0.32867753505706787,0.03839818015694618,0.003940395545214415,0.036068905144929886,0.040543437004089355,0.015449348837137222,0.20875467360019684,0.22050513327121735,0.024164853617548943,Bass_drum
06c48eab.wav,Hi-hat,0.2917066812515259,0.05023045837879181,0.06496264040470123,0.006234681699424982,0.015742432326078415,0.13895832002162933,0.02318514510989189,0.14026528596878052,0.22648045420646667,0.04223386570811272,Acoustic_guitar
2503aaa1.wav,Hi-hat,0.39662888646125793,0.0005009091692045331,0.12950198352336884,0.011164450086653233,0.0011343221412971616,0.09640032798051834,0.022761261090636253,0.09970597177743912,0.06311219930648804,0.17908966541290283,Acoustic_guitar
3d3439f1.wav,Hi-hat,0.15154646337032318,0.03133784234523773,0.11602368205785751,0.00501278368756175,0.01593862846493721,0.2293667048215866,0.00931148137897253,0.03578643500804901,0.1978466957807541,0.2078292965888977,Flute
34a90030.wav,Hi-hat,0.28225240111351013,0.031763140112161636,0.0972367599606514,0.006798640824854374,0.027095090597867966,0.13303562998771667,0.013702193275094032,0.35476788878440857,0.011525643989443779,0.041822560131549835,Saxophone
da4b0379.wav,Hi-hat,0.3080339729785919,0.012749257497489452,0.13359886407852173,0.0026873128954321146,0.03082348220050335,0.1964472532272339,0.010432731360197067,0.18285685777664185,0.012407606467604637,0.10996267944574356,Acoustic_guitar
a090c45a.wav,Hi-hat,0.152152419090271,0.05591945722699165,0.06352931261062622,0.015099573880434036,0.011026231572031975,0.20419183373451233,0.026890862733125687,0.34325793385505676,0.05029666796326637,0.0776357501745224,Saxophone
41897c32.wav,Hi-hat,0.3758222460746765,0.006657931953668594,0.031523313373327255,0.006108042784035206,0.005486032925546169,0.27261555194854736,0.039427757263183594,0.1425456404685974,0.033331215381622314,0.08648224174976349,Acoustic_guitar
2032be87.wav,Hi-hat,0.3016188442707062,0.0007862814818508923,0.1833825558423996,0.015301474370062351,0.0023403128143399954,0.1394001990556717,0.02595221810042858,0.1434890478849411,0.011792885139584541,0.17593614757061005,Acoustic_guitar
73677128.wav,Hi-hat,0.3458915948867798,0.0002899070968851447,0.17367179691791534,0.011520837433636189,0.0012812388595193624,0.09467171877622604,0.011505905538797379,0.0875607281923294,0.01486374344676733,0.2587425708770752,Acoustic_guitar
c53a217e.wav,Hi-hat,0.28528425097465515,0.0009809330804273486,0.18922090530395508,0.023687565699219704,0.0014015794731676579,0.09480392187833786,0.01685708947479725,0.12574869394302368,0.04102586209774017,0.2209891825914383,Acoustic_guitar
f0dfe343.wav,Hi-hat,0.3274344503879547,0.001141433254815638,0.07900799810886383,0.013770515099167824,0.0010082697262987494,0.10585891455411911,0.03357452154159546,0.1387087106704712,0.0332258865237236,0.2662692666053772,Acoustic_guitar
0ed06544.wav,Hi-hat,0.3263971507549286,0.0015520465094596148,0.13981273770332336,0.021623644977808,0.0032978851813822985,0.14456848800182343,0.023708105087280273,0.21013358235359192,0.018886279314756393,0.11002008616924286,Acoustic_guitar
99c96a07.wav,Hi-hat,0.14792324602603912,0.04303967207670212,0.047022730112075806,0.01645033434033394,0.01607898436486721,0.14865562319755554,0.017242584377527237,0.0656687468290329,0.4798227548599243,0.018095294013619423,Snare_drum
3a3d0279.wav,Hi-hat,0.3665315806865692,0.029373683035373688,0.0027187985833734274,0.000448573671746999,0.0019475688459351659,0.02359570749104023,0.0015929538058117032,0.18062074482440948,0.3460218906402588,0.047148447483778,Acoustic_guitar
612702c3.wav,Hi-hat,0.23699215054512024,0.0010064772795885801,0.06817655265331268,0.007528952322900295,0.0022094424348324537,0.19670191407203674,0.029227687045931816,0.07375402748584747,0.010741215199232101,0.3736615777015686,Violin_or_fiddle
d6854eb4.wav,Hi-hat,0.30076560378074646,0.0011354234302416444,0.04202255606651306,0.04769464209675789,0.0064190709963440895,0.020474543794989586,0.0005426488351076841,0.5495259165763855,0.0026922605466097593,0.028727417811751366,Saxophone
52300f9b.wav,Hi-hat,0.4028036296367645,0.008175029419362545,0.04325719177722931,0.00802808441221714,0.005153070669621229,0.10026800632476807,0.02867944724857807,0.2641501724720001,0.049631938338279724,0.08985341340303421,Acoustic_guitar
09a1cfd7.wav,Hi-hat,0.34787270426750183,0.006484493613243103,0.021815910935401917,0.012929074466228485,0.041965302079916,0.3308162987232208,0.06450414657592773,0.06195041909813881,0.02927783690392971,0.08238381892442703,Acoustic_guitar
3aafb6ad.wav,Hi-hat,0.16841387748718262,0.03589833900332451,0.12343479692935944,0.009893585927784443,0.031806156039237976,0.2630276679992676,0.015452544204890728,0.16949895024299622,0.07234803587198257,0.11022602021694183,Flute
493c247b.wav,Hi-hat,0.396901398897171,0.0051746373064816,0.10063368082046509,0.013655445538461208,0.0049497815780341625,0.09510069340467453,0.017113294452428818,0.25098520517349243,0.028520135208964348,0.08696576952934265,Acoustic_guitar
5ec7ad26.wav,Hi-hat,0.21797887980937958,0.012286188080906868,0.13448239862918854,0.007487515918910503,0.055535465478897095,0.2416963130235672,0.021280718967318535,0.16611851751804352,0.050925593823194504,0.09220840036869049,Flute
a1b369d7.wav,Hi-hat,0.4379112124443054,0.0036456335801631212,0.05646251514554024,0.00719209760427475,0.0011904239654541016,0.25597450137138367,0.016764726489782333,0.10790439695119858,0.027851378545165062,0.08510304987430573,Acoustic_guitar
8cd809d3.wav,Hi-hat,0.16186775267124176,0.03378266468644142,0.1250772476196289,0.011613591574132442,0.03180971369147301,0.1875213086605072,0.055859219282865524,0.21615053713321686,0.12765620648860931,0.048661764711141586,Saxophone
aed9d22f.wav,Hi-hat,0.20772790908813477,0.006094960495829582,0.07442664355039597,0.011784867383539677,0.006852936465293169,0.09106481820344925,0.032195232808589935,0.4915939271450043,0.011929057538509369,0.06632973998785019,Saxophone
a7964699.wav,Hi-hat,0.1682264655828476,0.09457208216190338,0.09500395506620407,0.011396270245313644,0.05180944874882698,0.09488074481487274,0.044591840356588364,0.28042417764663696,0.07712749391794205,0.08196752518415451,Saxophone
da3f8050.wav,Hi-hat,0.3548319935798645,0.001254115835763514,0.14862442016601562,0.015630990266799927,0.004725984763354063,0.14703811705112457,0.018106231465935707,0.1304944008588791,0.010519898496568203,0.1687738299369812,Acoustic_guitar
468f9c4c.wav,Hi-hat,0.35274776816368103,0.0012619211338460445,0.11282055824995041,0.007712830789387226,0.0010623931884765625,0.06249586492776871,0.0013052334543317556,0.39255818724632263,0.011053926311433315,0.056981321424245834,Saxophone
229be2be.wav,Snare_drum,0.032061703503131866,0.0003531950060278177,0.006314300931990147,0.00023722409969195724,0.00010350577213102952,0.036529380828142166,0.010383610613644123,0.08256646245718002,0.7753999829292297,0.056050561368465424,Snare_drum
b6cbc6a9.wav,Snare_drum,0.12737327814102173,0.025943467393517494,0.06541810184717178,0.009225387126207352,0.03937896713614464,0.08415939658880234,0.03153419867157936,0.37495264410972595,0.20206958055496216,0.03994503617286682,Saxophone
ae7d1c37.wav,Snare_drum,0.043442271649837494,0.0009525273344479501,0.0012827296741306782,2.9409608032437973e-05,0.0011379893403500319,0.05582384765148163,0.0009387075551785529,0.032211121171712875,0.8352556228637695,0.028925670310854912,Snare_drum
82d4fb44.wav,Snare_drum,0.12093831598758698,0.0027145626954734325,0.0011905028950423002,7.504857785534114e-05,0.0007782812463119626,0.11101529747247696,0.0016362738097086549,0.07321947813034058,0.6693798303604126,0.01905228942632675,Snare_drum
4c590f69.wav,Snare_drum,0.03569425642490387,0.002829805249348283,0.0002536352549213916,1.297164817515295e-05,0.0006035766564309597,0.0024997114669531584,0.0005285587394610047,0.005079739727079868,0.9061740636825562,0.04632370173931122,Snare_drum
1c9a423f.wav,Snare_drum,0.7685961723327637,0.0035409757401794195,0.025670483708381653,0.000864444940816611,0.06227097287774086,0.014075931161642075,0.014359017834067345,0.04334694892168045,0.04776909202337265,0.01950596272945404,Acoustic_guitar
f0727eac.wav,Snare_drum,0.19856970012187958,0.00607414310798049,0.054027654230594635,0.018473178148269653,0.004829653073102236,0.12814809381961823,0.010055452585220337,0.4875047504901886,0.03166770935058594,0.06064961105585098,Saxophone
31db8c5e.wav,Snare_drum,0.14233624935150146,0.0011373086599633098,0.003961401991546154,0.0013562144013121724,0.03126595541834831,0.31235918402671814,0.018403705209493637,0.051241595298051834,0.36275339126586914,0.07518501579761505,Snare_drum
b86b5a96.wav,Snare_drum,0.014787844382226467,0.006520874332636595,0.00046893159742467105,8.79442632140126e-06,6.0179958381922916e-05,0.0031216200441122055,8.755704766372219e-05,0.0039519439451396465,0.9697774648666382,0.0012146292719990015,Snare_drum
6fca680b.wav,Snare_drum,0.0768609344959259,0.0036166924983263016,0.010046855546534061,0.0002552064834162593,0.004215816967189312,0.05411398038268089,0.0012232802109792829,0.05030129849910736,0.775444507598877,0.023921435698866844,Snare_drum
1bc8eae1.wav,Snare_drum,0.10259940475225449,0.007880418561398983,0.029088029637932777,7.775281119393185e-05,0.01328252162784338,0.0761885866522789,0.0008653316763229668,0.20264533162117004,0.5169999599456787,0.05037279427051544,Snare_drum
46b52f97.wav,Snare_drum,0.28570297360420227,0.025241198018193245,0.0099058011546731,0.0034370028879493475,0.028729794546961784,0.16465453803539276,0.02160554565489292,0.1647634208202362,0.28417083621025085,0.011788930743932724,Acoustic_guitar
0c67f402.wav,Snare_drum,0.09588637202978134,0.001983894733712077,0.004649022594094276,0.00010560535156400874,0.0016343159368261695,0.07130696624517441,0.003217692719772458,0.06207476928830147,0.7197267413139343,0.03941452130675316,Snare_drum
c8ecbbfd.wav,Snare_drum,0.04417740926146507,3.869554348057136e-05,0.0027331188321113586,2.280287844769191e-06,0.0002993905218318105,0.012122517451643944,0.00010943214874714613,0.002753365319222212,0.8163179755210876,0.12144583463668823,Snare_drum
9f84ea5a.wav,Snare_drum,0.0558079294860363,0.0065988958813250065,0.05716912820935249,0.0002744031953625381,0.01907305233180523,0.10314185917377472,0.008019105531275272,0.041286297142505646,0.6809322237968445,0.02769712544977665,Snare_drum
e4958adc.wav,Snare_drum,0.056204214692115784,0.0031328843906521797,0.0018862661672756076,4.521523806033656e-05,0.0006116569857113063,0.058405302464962006,0.002072614850476384,0.02866002917289734,0.8170782327651978,0.0319034643471241,Snare_drum
5ce40b1b.wav,Snare_drum,0.04403229430317879,0.0001812878472264856,0.0037247473374009132,0.00017463412950746715,0.0003868599596899003,0.0752563327550888,0.002947138389572501,0.05824629217386246,0.7693542838096619,0.04569614306092262,Snare_drum
9d308738.wav,Snare_drum,0.03042026236653328,0.019237874075770378,0.026426048949360847,0.0006376197561621666,0.0046086604706943035,0.050649914890527725,0.003500249469652772,0.11885982006788254,0.7057275176048279,0.039932023733854294,Snare_drum
1e3391d5.wav,Snare_drum,0.1316850781440735,0.003943248186260462,0.00211156508885324,7.27549777366221e-05,0.0012249734718352556,0.05652247369289398,0.005425024311989546,0.05471989884972572,0.7077024579048157,0.036592449992895126,Snare_drum
ff3f21e7.wav,Snare_drum,0.04073517024517059,0.002356646116822958,0.0020670397207140923,3.850779467029497e-05,0.0005395518383011222,0.04050583392381668,0.0008421963430009782,0.038016073405742645,0.8535516858100891,0.021347347646951675,Snare_drum
b68f10af.wav,Snare_drum,0.0873621255159378,0.001124640111811459,0.003464050590991974,0.00017759767069946975,0.0005784122622571886,0.10007886588573456,0.0034516011364758015,0.06177219748497009,0.6700409054756165,0.07194957882165909,Snare_drum
e8e00924.wav,Snare_drum,0.004696604795753956,0.002829386154189706,0.001709496951662004,1.560807163514255e-06,0.0017884926637634635,0.0007537340861745179,4.759189687320031e-05,0.001892081112600863,0.9793604016304016,0.006920696701854467,Snare_drum
22e1c02c.wav,Snare_drum,0.002819257788360119,0.02288586087524891,5.0654787628445774e-05,7.058163191686617e-06,2.4501098323526094e-06,0.0002528366749174893,0.0016083349473774433,0.005422740243375301,0.9509068131446838,0.016043905168771744,Snare_drum
5c33d972.wav,Snare_drum,0.27720651030540466,0.007460958324372768,0.0010872092097997665,2.325033347005956e-05,0.005421465262770653,0.006803701166063547,0.002035290002822876,0.0027741952799260616,0.6954381465911865,0.0017491808393970132,Snare_drum
9320c55f.wav,Snare_drum,0.027803383767604828,0.2920118570327759,0.0071412865072488785,0.00013057005708105862,0.0006126789376139641,0.0032881461083889008,0.00034747240715660155,0.5727500915527344,0.07994158565998077,0.015972914174199104,Saxophone
f1754aea.wav,Snare_drum,0.13728351891040802,0.00012526291538961232,0.15730291604995728,0.0027186216320842505,0.005295755807310343,0.2091052085161209,0.007063779514282942,0.03627966344356537,0.3564523756504059,0.08837289363145828,Snare_drum
b218444c.wav,Snare_drum,0.03281792253255844,0.002920988015830517,0.005482650361955166,6.707409920636564e-05,0.0007271369104273617,0.05644693970680237,0.0015015408862382174,0.0925694927573204,0.781622588634491,0.02584373578429222,Snare_drum
36d06cc0.wav,Snare_drum,0.08310511708259583,0.012252673506736755,0.006647457834333181,0.0010041382629424334,0.008989005349576473,0.033706966787576675,0.000761637173127383,0.017479123547673225,0.8270083665847778,0.009045545011758804,Snare_drum
4c4d4797.wav,Snare_drum,,,,,,,,,,,Acoustic_guitar
cae0d841.wav,Snare_drum,0.2442234754562378,0.022834213450551033,0.07001210004091263,0.014485303312540054,0.053863879293203354,0.11293832212686539,0.04807703569531441,0.049728572368621826,0.28135570883750916,0.1024814322590828,Snare_drum
17f82c05.wav,Acoustic_guitar,0.16370396316051483,0.003003666875883937,0.045934103429317474,0.0011438835645094514,0.14354054629802704,0.1274307519197464,0.016726182773709297,0.2708165943622589,0.07878442108631134,0.14891591668128967,Saxophone
0eeaebcb.wav,Acoustic_guitar,0.09888005256652832,0.0024852436035871506,0.08591749519109726,0.0006326730363070965,0.19195060431957245,0.08391722291707993,0.0020269695669412613,0.08953835070133209,0.3079872727394104,0.13666418194770813,Snare_drum
e92bf0fa.wav,Acoustic_guitar,0.013669834472239017,0.002615491161122918,0.003200302831828594,3.099161040154286e-05,0.012264935299754143,0.004706576932221651,0.00025352617376483977,0.09891103953123093,0.8231993317604065,0.04114806279540062,Snare_drum
10da16fb.wav,Acoustic_guitar,0.07122227549552917,0.00489244656637311,0.01783526875078678,0.0001814378920244053,0.10107315331697464,0.03685832396149635,0.004193543456494808,0.20311303436756134,0.3384793996810913,0.22215119004249573,Snare_drum
a25423a8.wav,Acoustic_guitar,0.12627843022346497,0.01297321543097496,0.019518958404660225,0.0020294191781431437,0.22173698246479034,0.43434032797813416,0.03683459758758545,0.05320119112730026,0.028042849153280258,0.06504404544830322,Flute
16c9a838.wav,Acoustic_guitar,0.7458469271659851,0.001596373738721013,0.03995874151587486,0.0010828624945133924,0.10792981088161469,0.02059660106897354,0.00150150409899652,0.01580066792666912,0.03240825608372688,0.033278219401836395,Acoustic_guitar
70ca9c77.wav,Acoustic_guitar,0.19314159452915192,0.03142964094877243,0.042302455753088,0.002877269173040986,0.19816555082798004,0.2864537239074707,0.03877902776002884,0.07776689529418945,0.08618175238370895,0.0429021492600441,Flute
38216fad.wav,Acoustic_guitar,0.15206333994865417,0.21717625856399536,0.02620846964418888,0.0011927192099392414,0.0914284735918045,0.06584511697292328,0.0031644385308027267,0.3078419268131256,0.09514407813549042,0.03993519768118858,Saxophone
d8a257e5.wav,Acoustic_guitar,0.08354634791612625,0.001489116344600916,0.04495726525783539,0.0002502140123397112,0.04285360500216484,0.02545054629445076,0.0050928364507853985,0.039259620010852814,0.4611748158931732,0.2959256172180176,Snare_drum
7506dcc4.wav,Acoustic_guitar,0.45227834582328796,0.03573274239897728,0.044175032526254654,7.598903903272003e-05,0.011479278095066547,0.0036364616826176643,0.031020715832710266,0.024684861302375793,0.3950154781341553,0.0019011514959856868,Acoustic_guitar
a6728901.wav,Acoustic_guitar,0.29299426078796387,0.0026286549400538206,0.02555224485695362,0.003080178750678897,0.12623202800750732,0.0033584097400307655,5.0380040192976594e-05,0.54056715965271,4.331548552727327e-05,0.005493378732353449,Saxophone
b88322f6.wav,Acoustic_guitar,0.8844097256660461,1.6674290236551315e-05,0.025491829961538315,0.0008246200159192085,0.05618186667561531,0.005942468531429768,3.126031515421346e-05,0.026708047837018967,1.7898501027957536e-05,0.00037555009475909173,Acoustic_guitar
35039ae1.wav,Acoustic_guitar,0.10485231131315231,0.0028369289357215166,0.0015745562268421054,0.00011910372995771468,0.0008619330474175513,0.0034522113855928183,0.0006629735580645502,0.14804044365882874,0.6962581872940063,0.04134130850434303,Snare_drum
236cbab1.wav,Acoustic_guitar,0.28246811032295227,0.003147090319544077,0.026917701587080956,0.0030037174001336098,0.06391382217407227,0.34761935472488403,0.018933497369289398,0.13377068936824799,0.04333919659256935,0.07688681781291962,Flute
0356dec7.wav,Acoustic_guitar,0.5250871181488037,0.0017540816916152835,0.044156137853860855,0.000881335639860481,0.15345165133476257,0.054756999015808105,0.0007149010198190808,0.048061519861221313,0.15338976681232452,0.017746469005942345,Acoustic_guitar
bb1f5874.wav,Acoustic_guitar,0.0029056633356958628,0.00027475744718685746,0.00010387652582721785,2.737405395691894e-07,1.746807902236469e-05,0.00021692729205824435,3.4683784178923815e-05,0.0006111972033977509,0.9954649806022644,0.0003700491797644645,Snare_drum
34747922.wav,Acoustic_guitar,0.04271839186549187,0.005467641167342663,0.19412194192409515,0.0020858184434473515,0.1978020817041397,0.06527967751026154,0.002529848599806428,0.04267833009362221,0.405467689037323,0.0418485663831234,Snare_drum
44fb3eeb.wav,Acoustic_guitar,0.3392420709133148,0.03154100477695465,0.08842186629772186,0.004555758088827133,0.2668903172016144,0.01905658096075058,0.006826226599514484,0.15339261293411255,0.07467460632324219,0.01539894100278616,Acoustic_guitar
367ad7b1.wav,Acoustic_guitar,0.3903769552707672,0.04600207880139351,0.03976869210600853,0.0002533024235162884,0.08186287432909012,0.03441164642572403,0.0005351363797672093,0.08944834023714066,0.31364962458610535,0.003691309131681919,Acoustic_guitar
160c92d7.wav,Acoustic_guitar,0.033023737370967865,0.004997904412448406,0.008032036013901234,5.715697261621244e-05,0.24070386588573456,0.0226972084492445,0.0011908072046935558,0.08655926585197449,0.40360283851623535,0.19913505017757416,Snare_drum
2016d256.wav,Acoustic_guitar,0.771842360496521,0.027341265231370926,0.02765738032758236,0.00011711547995219007,0.01900559850037098,0.004585976246744394,0.015355467796325684,0.010461213998496532,0.1219879537820816,0.0016456267330795527,Acoustic_guitar
fc55d588.wav,Acoustic_guitar,0.06362585723400116,0.01312804501503706,0.011725757271051407,8.608079224359244e-05,0.06302770972251892,0.03564108908176422,0.003882742254063487,0.027191365137696266,0.7133134007453918,0.06837787479162216,Snare_drum
c7846d27.wav,Acoustic_guitar,0.19789229333400726,0.2992625832557678,0.08542951196432114,0.0100978659465909,0.1342209130525589,0.020721226930618286,0.013135476037859917,0.09840595722198486,0.13194996118545532,0.008884220384061337,Bass_drum
55822aae.wav,Acoustic_guitar,0.06945173442363739,0.00642801821231842,0.013629406690597534,0.00013575317279901356,0.005581550765782595,0.12414304167032242,0.0010120110819116235,0.17473700642585754,0.5349053144454956,0.06997625529766083,Snare_drum
9923ddf8.wav,Acoustic_guitar,0.4972493052482605,0.0881083607673645,0.01638212986290455,0.00022858494776301086,0.012716740369796753,0.004393459763377905,0.029279321432113647,0.12103253602981567,0.22177854180335999,0.008831001818180084,Acoustic_guitar
32dee61b.wav,Acoustic_guitar,0.02351795881986618,0.36602839827537537,0.0369294248521328,0.0002956534153781831,0.0017798999324440956,0.008840265683829784,0.0005191686796024442,0.16644470393657684,0.3576752245426178,0.03796927258372307,Bass_drum
fa4d4a92.wav,Acoustic_guitar,0.2480096071958542,0.007765177171677351,0.043888483196496964,0.0013286579633131623,0.20876829326152802,0.22823591530323029,0.024364374577999115,0.07642907649278641,0.10049562156200409,0.06071485951542854,Acoustic_guitar
8da75280.wav,Acoustic_guitar,0.10890477150678635,0.0017234779661521316,0.05547473579645157,0.005274568218737841,0.24669556319713593,0.20544223487377167,0.010140741243958473,0.024639349430799484,0.14805077016353607,0.19365379214286804,Double_bass
b2261238.wav,Acoustic_guitar,0.1005510687828064,0.0019482187926769257,0.007727436721324921,3.100619505858049e-05,0.07145234942436218,0.0423416942358017,0.000539572793059051,0.01786344312131405,0.6558418273925781,0.10170342773199081,Snare_drum
673defaf.wav,Acoustic_guitar,0.4291003346443176,0.0015243972884491086,0.07599100470542908,0.002789667109027505,0.285387247800827,0.0244955662637949,0.0006129436660557985,0.15462066233158112,0.013478695414960384,0.011999545618891716,Acoustic_guitar
e6597186.wav,Double_bass,0.1453067809343338,0.11403532326221466,0.01608106680214405,0.0005972228827886283,0.21453574299812317,0.04176817089319229,0.02040572464466095,0.02298063226044178,0.39871254563331604,0.025576677173376083,Snare_drum
fcfafbc8.wav,Double_bass,0.13097676634788513,0.6328034400939941,0.06731680035591125,0.0007638829411007464,0.015266782604157925,0.011197542771697044,0.0012994284043088555,0.07267370820045471,0.06622401624917984,0.0014776050811633468,Bass_drum
444f9db5.wav,Double_bass,0.14510378241539001,0.10284985601902008,0.027548115700483322,0.00203794171102345,0.048480432480573654,0.02968427911400795,0.017815696075558662,0.4280574917793274,0.1744384914636612,0.023983940482139587,Saxophone
19893aa8.wav,Double_bass,0.08590579032897949,0.732283890247345,0.01914338208734989,0.0015896041877567768,0.012375500053167343,0.057611361145973206,0.00044869413250125945,0.08834149688482285,0.00031439505983144045,0.0019859124440699816,Bass_drum
f042282c.wav,Double_bass,0.10905325412750244,0.050432149320840836,0.003604940604418516,0.000299873820040375,0.01636766642332077,0.20644927024841309,0.014221357181668282,0.16456975042819977,0.3215259313583374,0.11347583681344986,Snare_drum
95e1d0ae.wav,Double_bass,0.10540324449539185,0.5324433445930481,0.024606017395853996,0.0005338276969268918,0.011823028326034546,0.02183453179895878,0.0012040084693580866,0.15066608786582947,0.13074013590812683,0.020745769143104553,Bass_drum
595c191d.wav,Double_bass,0.05180826038122177,0.16308893263339996,0.011111617088317871,0.0001872821885626763,0.0031806412152945995,0.0071722581051290035,0.003107123076915741,0.3095625042915344,0.40332669019699097,0.047454748302698135,Snare_drum
8073923c.wav,Double_bass,0.12455639988183975,0.01222270168364048,0.07428202778100967,0.0011979547562077641,0.4516015350818634,0.1096230000257492,0.012914314866065979,0.017364459112286568,0.1438204050064087,0.052417170256376266,Double_bass
6efbaf90.wav,Double_bass,0.26726672053337097,0.5197943449020386,0.01049064565449953,0.0005796886398456991,0.004622321110218763,0.01914641447365284,0.0007428659009747207,0.05276717618107796,0.1144658699631691,0.010124003514647484,Bass_drum
642ad7e4.wav,Double_bass,0.3665238916873932,0.010080608539283276,0.017537444829940796,9.579450852470472e-05,0.25080808997154236,0.03206683695316315,0.0004984153201803565,0.010376572608947754,0.2774166464805603,0.03459574654698372,Acoustic_guitar
5eadbc6d.wav,Double_bass,0.10247695446014404,0.005321968346834183,0.0035893686581403017,0.000155366855324246,0.07515513896942139,0.15366131067276,0.00173944013658911,0.4579617381095886,0.17345374822616577,0.026484975591301918,Saxophone
1a7d3f2d.wav,Double_bass,0.2524288296699524,0.058384425938129425,0.03448683023452759,0.001106442417949438,0.09890168905258179,0.07924690842628479,0.013215145096182823,0.126991406083107,0.27423030138015747,0.06100800633430481,Snare_drum
13da16ae.wav,Double_bass,0.017508193850517273,0.7064784169197083,0.008327293209731579,0.0007446078234352171,0.0008173260139301419,0.010260325856506824,6.663045496679842e-05,0.1982940137386322,0.053544048219919205,0.003959036432206631,Bass_drum
103f29e5.wav,Double_bass,0.04072299599647522,0.017984746024012566,0.0033422070555388927,2.1484223907464184e-05,0.0009620891069062054,0.001995498314499855,0.0023525983560830355,0.16954027116298676,0.7498418092727661,0.013236258178949356,Snare_drum
da8ea649.wav,Double_bass,0.0709196999669075,0.7711417078971863,0.011936684139072895,0.0006515631685033441,0.016262589022517204,0.004455295391380787,9.739377128425986e-05,0.12312130630016327,0.0006642464431934059,0.0007496288744732738,Bass_drum
ca348cbb.wav,Double_bass,0.13626830279827118,0.10944945365190506,0.040439408272504807,0.0015351797919720411,0.32134270668029785,0.206038698554039,0.036060117185115814,0.04659489914774895,0.0756976455450058,0.026573654264211655,Double_bass
8ce2e863.wav,Double_bass,0.0471009761095047,0.7805166840553284,0.016869522631168365,0.001204440020956099,0.00450965017080307,0.02788977138698101,0.0001027650578180328,0.12017809599637985,0.00010126136476173997,0.0015268914867192507,Bass_drum
462b676f.wav,Double_bass,0.07988043874502182,0.32030606269836426,0.013855370692908764,0.001272316905669868,0.010873768478631973,0.04904892295598984,0.0038047069683670998,0.3450489640235901,0.1461794376373291,0.029729973524808884,Saxophone
b428466c.wav,Double_bass,0.022626353427767754,0.10156651586294174,0.014180288650095463,0.0007152961916290224,0.02644667960703373,0.02814316563308239,0.00018541670578997582,0.7921802401542664,0.0001924011594383046,0.013763736933469772,Saxophone
4fd883bb.wav,Double_bass,0.17498406767845154,0.0030397693626582623,0.009049911983311176,0.0006260356167331338,0.18085592985153198,0.53277987241745,0.009176768362522125,0.026903560385107994,0.039078693836927414,0.02350536361336708,Flute
2ac8b94f.wav,Double_bass,0.01959482580423355,0.013505775481462479,0.013041187077760696,0.0001489892601966858,0.002843415830284357,0.009229873307049274,0.0005360761424526572,0.5820373296737671,0.3124634325504303,0.04659910500049591,Saxophone
c840804f.wav,Double_bass,0.11840703338384628,0.13205528259277344,0.020175091922283173,0.0014570225030183792,0.0632123276591301,0.059281133115291595,0.005110281053930521,0.5579615831375122,0.011967846192419529,0.03037239797413349,Saxophone
f63f3703.wav,Double_bass,0.1678566336631775,0.3760365843772888,0.03550984710454941,0.002204826334491372,0.0372912771999836,0.02420572005212307,0.0008817234775051475,0.34963753819465637,0.003378810128197074,0.002997071947902441,Bass_drum
c0ddf010.wav,Double_bass,0.02477460540831089,0.7247894406318665,0.0051377080380916595,0.0007112036109901965,0.0019902714993804693,0.023208076134324074,0.0008822791278362274,0.1668923944234848,0.046467434614896774,0.005146690644323826,Bass_drum
a0cbe92e.wav,Double_bass,0.19220727682113647,0.05449867621064186,0.014801480807363987,0.0008604216272942722,0.00974719412624836,0.4300403594970703,0.0021648004185408354,0.18453392386436462,0.08509161323308945,0.02605418860912323,Flute
4fb480bf.wav,Double_bass,0.16630317270755768,0.35538291931152344,0.049681346863508224,0.0026171128265559673,0.02016378752887249,0.03295961022377014,0.00799215491861105,0.2614203691482544,0.0894014909863472,0.014078071340918541,Bass_drum
9dd0141c.wav,Double_bass,0.05288710817694664,0.009487713687121868,0.006928515620529652,0.00010621401452226564,0.00373816373758018,0.023248517885804176,0.006600543390959501,0.09945283085107803,0.7617049813270569,0.035845622420310974,Snare_drum
deb87700.wav,Double_bass,0.2994617521762848,0.005610167048871517,0.008986987173557281,0.00017618309357203543,0.046962786465883255,0.050300031900405884,0.0018826730083674192,0.061137568205595016,0.4923996329307556,0.03308219835162163,Snare_drum
e0ecd1a6.wav,Double_bass,0.28576964139938354,0.09418860077857971,0.014145742170512676,0.0006423839367926121,0.014079373329877853,0.09675592184066772,0.010857309214770794,0.08321536332368851,0.34793058037757874,0.05241507291793823,Snare_drum
0286fc27.wav,Double_bass,0.09782422333955765,0.8647735118865967,0.003466745838522911,0.00028388953069224954,0.013472728431224823,0.005867350846529007,2.8517746613943018e-05,0.010645699687302113,0.0027187627274543047,0.0009185735252685845,Bass_drum
e2d993ec.wav,Cello,0.02992323227226734,0.002158964751288295,0.0005933376378379762,2.0515770302154124e-05,2.5831837774603628e-05,0.00637388601899147,0.0014677605358883739,0.05750883370637894,0.885180652141571,0.01674695871770382,Snare_drum
0091fc7f.wav,Cello,0.06938477605581284,0.006847186014056206,0.004796864930540323,0.0001155276331701316,0.0016262574354186654,0.07265160232782364,0.004105094354599714,0.04758328199386597,0.7225273251533508,0.07036204636096954,Snare_drum
e55c5160.wav,Cello,0.33392566442489624,0.005137221422046423,0.036600202322006226,2.5377616111654788e-05,0.2272324562072754,0.09688133001327515,0.0003491613897494972,0.03917337581515312,0.20350958406925201,0.057165686041116714,Acoustic_guitar
a59b5a08.wav,Cello,0.2916485369205475,0.35921618342399597,0.008466566912829876,0.0003850398352369666,0.0013688013423234224,0.010236448608338833,0.0006778576644137502,0.07601169496774673,0.246619313955307,0.005369571503251791,Bass_drum
88500b88.wav,Cello,0.06588581949472427,0.013029349967837334,0.002599661936983466,0.00037595638423226774,0.002236834494397044,0.007251892238855362,0.0013504993403330445,0.48100414872169495,0.39344605803489685,0.03281980752944946,Saxophone
743ae0f9.wav,Cello,0.07437659054994583,0.00736619858071208,0.027181832119822502,0.00038081317325122654,0.0815301313996315,0.07982593774795532,0.013801896944642067,0.040335513651371,0.4216752052307129,0.25352588295936584,Snare_drum
9e3bc1b6.wav,Cello,0.008414161391556263,0.000673966365866363,0.0009928990621119738,2.2981723304837942e-05,0.004811520222574472,0.007756970822811127,0.0006989579414948821,0.003145013004541397,0.9645892381668091,0.008894410915672779,Snare_drum
3e2bddda.wav,Cello,0.12285448610782623,0.01319962553679943,0.27248990535736084,0.025479409843683243,0.3356657922267914,0.021946635097265244,0.0007437660242430866,0.16495448350906372,0.004841817542910576,0.03782406821846962,Double_bass
d328db67.wav,Cello,0.1703869253396988,0.003959821071475744,0.009349802508950233,0.00022363703465089202,0.273969829082489,0.11609282344579697,0.0033346491400152445,0.030110884457826614,0.26926735043525696,0.1233043298125267,Double_bass
7d896090.wav,Cello,0.011445926502346992,0.008123702369630337,0.0013129219878464937,5.776278612756869e-06,0.001146041671745479,0.020124856382608414,0.0001989554293686524,0.02854536473751068,0.9249792695045471,0.004117215052247047,Snare_drum
4bff8f32.wav,Cello,0.02478916384279728,0.03865642100572586,0.009889342822134495,6.717581709381193e-05,0.0005619576550088823,0.002114620292559266,0.0005021957331337035,0.03143274039030075,0.8871335983276367,0.004852901212871075,Snare_drum
5e5bca7a.wav,Cello,0.22268669307231903,0.1862853765487671,0.00836946815252304,0.00022976312902756035,0.012127475813031197,0.0851435586810112,0.0014812618028372526,0.032403942197561264,0.44593751430511475,0.005334904417395592,Snare_drum
811bf309.wav,Cello,0.08062362670898438,0.003892861306667328,0.003426190698519349,9.990030230255798e-05,0.022946925833821297,0.0024323826655745506,0.00022299381089396775,0.02048877626657486,0.8526889681816101,0.013177404180169106,Snare_drum
5689818f.wav,Cello,0.10943933576345444,0.02842937409877777,0.0027286007534712553,6.431358633562922e-05,0.004009363241493702,0.01917499303817749,0.001413062447682023,0.03602146357297897,0.7604039907455444,0.038315627723932266,Snare_drum
81d9f077.wav,Cello,0.057378578931093216,0.08548875153064728,0.018579432740807533,0.000459500151919201,0.0023206020705401897,0.03679124638438225,0.001618327689357102,0.340654194355011,0.4165058135986328,0.04020366072654724,Snare_drum
00353774.wav,Cello,0.013755054213106632,0.00035431230207905173,0.0007165725692175329,2.2269354303716682e-05,0.0005387971759773791,0.008037450723350048,0.0019062747014686465,0.10223574191331863,0.8523017764091492,0.020131781697273254,Snare_drum
6a210ffa.wav,Cello,0.10619018226861954,0.0284460186958313,0.019315721467137337,0.00029644963797181845,0.008323298767209053,0.09070706367492676,0.005720770452171564,0.11898703128099442,0.5739511251449585,0.04806241765618324,Snare_drum
e97d9707.wav,Cello,0.021555520594120026,0.0011642996687442064,0.0015921058366075158,0.0003454478282947093,0.0011222448665648699,0.0008802635711617768,0.0014712909469380975,0.7516812086105347,0.20100131630897522,0.019186489284038544,Saxophone
238b16a5.wav,Cello,0.09703748673200607,0.0009568280656822026,0.03839826583862305,0.0002561099245212972,0.14469695091247559,0.1867607682943344,0.009599515236914158,0.021885450929403305,0.33114174008369446,0.16926684975624084,Snare_drum
dc5be9d7.wav,Cello,0.0060499366372823715,0.004523019306361675,0.010300668887794018,7.828010711818933e-05,0.0010954852914437652,0.005504782777279615,0.0010359687730669975,0.25302329659461975,0.6968622207641602,0.021526474505662918,Snare_drum
f9653de8.wav,Cello,0.26764169335365295,0.13271881639957428,0.018723139539361,0.0004430966801010072,0.007327403407543898,0.026961680501699448,0.0033339255023747683,0.04937925934791565,0.48829078674316406,0.005180233623832464,Snare_drum
31dbc5c0.wav,Cello,0.09259163588285446,0.041845161467790604,0.11225569248199463,0.0011306122178211808,0.07996798306703568,0.0851769745349884,0.0027098669670522213,0.22787171602249146,0.2593274414539337,0.09712287783622742,Snare_drum
cbc8d551.wav,Cello,0.2070191651582718,0.026649046689271927,0.024078113958239555,0.0007736700354143977,0.046498075127601624,0.03973788768053055,0.004538610111922026,0.17279773950576782,0.35081547498703003,0.12709222733974457,Snare_drum
195f544d.wav,Cello,0.09252602607011795,0.05180737003684044,0.13789953291416168,0.018671613186597824,0.32414084672927856,0.071070097386837,0.0005536643438972533,0.19498804211616516,0.06854978948831558,0.039793066680431366,Double_bass
22bea889.wav,Cello,0.07002842426300049,0.006485901307314634,0.024936802685260773,0.0018846846651285887,0.2716968357563019,0.1860032081604004,0.038250185549259186,0.05354846641421318,0.1651754528284073,0.18199005722999573,Double_bass
ab8e8ae3.wav,Cello,0.11382105201482773,0.031224200502038002,0.00540560856461525,8.931050979299471e-05,0.013045111671090126,0.01670282706618309,0.001473512384109199,0.04023689404129982,0.7726072669029236,0.005394236650317907,Snare_drum
e70c41d4.wav,Cello,0.09466996788978577,0.04831714928150177,0.08021453768014908,0.005233655218034983,0.22799351811408997,0.07985338568687439,0.008680088445544243,0.22965402901172638,0.17622457444667816,0.049159079790115356,Saxophone
125e6ccf.wav,Cello,0.20159634947776794,0.003333733882755041,0.009053432382643223,0.0006198912742547691,0.08354897797107697,0.28000521659851074,0.013655830174684525,0.1199348047375679,0.185456782579422,0.10279500484466553,Flute
2da9e12a.wav,Cello,0.060354460030794144,0.005883665289729834,0.018523255363106728,0.0001819858734961599,0.022435778751969337,0.04548265039920807,0.0028905526269227266,0.06449222564697266,0.7202633023262024,0.05949213728308678,Snare_drum
34e4d187.wav,Cello,0.09212782233953476,0.0066984184086322784,0.01608237996697426,0.0011883762199431658,0.07132712006568909,0.07479169964790344,0.019059766083955765,0.2838621735572815,0.32309120893478394,0.11177102476358414,Snare_drum
52e54bdd.wav,Bass_drum,0.01754636876285076,0.6401479244232178,0.058225907385349274,0.002391536021605134,0.0003898547438438982,0.009392503648996353,0.00044496095506474376,0.26774340867996216,0.00029023337992839515,0.0034273560158908367,Bass_drum
6d21ad67.wav,Bass_drum,0.1692357063293457,0.559256374835968,0.09011568874120712,0.0036452317144721746,0.012840033508837223,0.020893927663564682,0.009079569950699806,0.12508642673492432,0.007535398472100496,0.0023116685915738344,Bass_drum
ca3f3698.wav,Bass_drum,0.0008728033280931413,0.9663059711456299,0.002145580016076565,0.00018820431432686746,0.0002846875577233732,0.0006273192120715976,2.3177306047728052e-06,0.02899288199841976,1.4864903050693101e-06,0.0005787843256257474,Bass_drum
aa9ae956.wav,Bass_drum,0.34642744064331055,0.378255695104599,0.06670224666595459,0.003209752030670643,0.010922660119831562,0.024657228961586952,0.0001307960628764704,0.14344702661037445,0.02368910424411297,0.0025580122601240873,Bass_drum
0ddb4bdf.wav,Bass_drum,0.4029959440231323,0.18956881761550903,0.04380854591727257,0.0008845788543112576,0.004356879275292158,0.01736391894519329,0.00018808500317391008,0.33859995007514954,0.0009139144676737487,0.0013193535851314664,Acoustic_guitar
921eee9d.wav,Bass_drum,0.01814969815313816,0.6543861031532288,0.1478606015443802,0.002361726714298129,0.0003545495856087655,0.007837075740098953,0.08282775431871414,0.08213058114051819,6.719360681017861e-05,0.004024683032184839,Bass_drum
c153f347.wav,Bass_drum,0.007556488271802664,0.9132763743400574,0.0050527541898190975,0.0003502043546177447,0.0003425238246563822,0.0008273200946860015,5.3550611482933164e-05,0.06932874768972397,0.002145609352737665,0.0010664229048416018,Bass_drum
63e0ab2c.wav,Bass_drum,0.12247725576162338,0.3319333791732788,0.03563956171274185,0.008080792613327503,0.0007149098673835397,0.05661487206816673,0.0001414268190274015,0.44315096735954285,0.00010350551747251302,0.0011433121981099248,Saxophone
88780eac.wav,Bass_drum,0.06829096376895905,0.6074854731559753,0.03480125218629837,0.0008133199298754334,0.0007852898561395705,0.006824865471571684,0.00012493280519265682,0.21871893107891083,0.061551645398139954,0.0006032907404005527,Bass_drum
bea51ca5.wav,Bass_drum,0.000665568164549768,0.3832055330276489,0.0014474289491772652,7.270298374351114e-05,0.10894114524126053,0.0021970095112919807,2.591971860965714e-05,0.5030162930488586,4.172754302089743e-07,0.0004279908025637269,Saxophone
f26131d8.wav,Bass_drum,0.12143399566411972,0.5885345339775085,0.048863183706998825,0.002022222150117159,0.0014049358433112502,0.04067010059952736,0.0005819893558509648,0.16292165219783783,0.023578070104122162,0.009989437647163868,Bass_drum
ce75b5ce.wav,Bass_drum,0.010445569641888142,0.46451520919799805,0.020062178373336792,0.0038096748758107424,0.00015254926984198391,0.05836762487888336,0.0005725791561417282,0.4360998868942261,0.0009027770720422268,0.005071951076388359,Bass_drum
565f3ee2.wav,Bass_drum,0.05862424895167351,0.7060113549232483,0.03009214997291565,0.0014710904797539115,0.0017837259219959378,0.010231410153210163,0.00016205446445383132,0.18799899518489838,0.002062808023765683,0.0015620917547494173,Bass_drum
ff11628d.wav,Bass_drum,0.1308649629354477,0.39642569422721863,0.14779996871948242,0.0036171458195894957,0.0015380355762317777,0.05986115336418152,0.0005248273373581469,0.24206916987895966,0.013324105180799961,0.003974917810410261,Bass_drum
cdfc8967.wav,Bass_drum,0.0009397607063874602,0.9733583927154541,0.0025544387754052877,0.00026921159587800503,5.1610113587230444e-05,0.001513667986728251,6.991699592617806e-07,0.021281888708472252,2.9505767997761723e-06,2.7392899937694892e-05,Bass_drum
f8a99b37.wav,Bass_drum,0.2440410703420639,0.19186365604400635,0.08195345103740692,0.004111659713089466,0.0021088733337819576,0.05473414063453674,0.0013075629249215126,0.3632001578807831,0.04621289297938347,0.010466543026268482,Saxophone
809ea09e.wav,Bass_drum,0.5065951943397522,0.2527419924736023,0.07466647028923035,0.005932339932769537,0.005167633760720491,0.08045821636915207,0.0011955390218645334,0.06323296576738358,0.007454632315784693,0.002555021783336997,Acoustic_guitar
03fc1f96.wav,Bass_drum,0.0905667096376419,0.46867913007736206,0.042607441544532776,0.0006732197944074869,0.0016901064664125443,0.009763326495885849,0.006270907819271088,0.24893109500408173,0.11815602332353592,0.012662087567150593,Bass_drum
8b6a16de.wav,Bass_drum,0.0006958197918720543,0.9806514978408813,0.0017113927751779556,0.0001337214926024899,0.0002882505359593779,0.0002785017422866076,8.62837225668045e-07,0.015849025920033455,4.935180299980857e-07,0.0003903572796843946,Bass_drum
7dda9dc2.wav,Bass_drum,0.040119778364896774,0.10249374061822891,0.011491180397570133,0.00018467410700395703,2.1192101485212334e-05,0.0020993591751903296,0.00035265955375507474,0.4990885257720947,0.3404186964035034,0.0037301427219063044,Saxophone
3a9085ca.wav,Bass_drum,0.012393970042467117,0.544089674949646,0.00932374782860279,0.0028949484694749117,0.0009767995215952396,0.031789399683475494,0.00046087411465123296,0.3924090266227722,0.0007269451161846519,0.004934702999889851,Bass_drum
4ba2b70e.wav,Bass_drum,0.21753478050231934,0.2569884955883026,0.06821280717849731,0.003624974051490426,0.0056262207217514515,0.06058802083134651,0.003055884735658765,0.3708122968673706,0.0013351175002753735,0.012221410870552063,Saxophone
01c2f88b.wav,Bass_drum,0.09096047282218933,0.49133536219596863,0.04859553650021553,0.0022164362017065287,0.0022438778541982174,0.014235449954867363,0.00015962071483954787,0.18615315854549408,0.15701937675476074,0.007080717943608761,Bass_drum
ce3f3400.wav,Bass_drum,0.36441969871520996,0.3495747148990631,0.03013378009200096,0.0016576354391872883,0.0014561191201210022,0.039493340998888016,0.0006080016028136015,0.19127948582172394,0.01443536952137947,0.006941827479749918,Acoustic_guitar
6a96272b.wav,Bass_drum,0.019822821021080017,0.690403938293457,0.020312244072556496,0.0010342648020014167,0.0007013442809693515,0.014985352754592896,0.007213787641376257,0.23878882825374603,0.002991669112816453,0.0037458043079823256,Bass_drum
9adffd44.wav,Bass_drum,0.0014070321340113878,0.9648900628089905,0.002168613951653242,0.00018123022164218128,0.0002822206006385386,0.00045056352973915637,2.284935590068926e-06,0.030004773288965225,3.185735977240256e-06,0.0006099651218391955,Bass_drum
7d11b3b4.wav,Bass_drum,0.015588686801493168,0.7267276048660278,0.06511077284812927,0.0004934216849505901,0.0004958400968462229,0.0016435247380286455,0.0007083442178554833,0.1711660772562027,0.004521894734352827,0.013543856330215931,Bass_drum
bab98261.wav,Bass_drum,0.034554045647382736,0.7792916297912598,0.007691884879022837,6.792372005293146e-05,0.00014638791617471725,0.00016470671107526869,9.115509783441667e-06,0.17702782154083252,0.0003581940836738795,0.0006883068126626313,Bass_drum
c11bacda.wav,Bass_drum,0.0022726706229150295,0.9233530759811401,0.003986869938671589,0.0001665648742346093,7.965836266521364e-05,0.0004084600950591266,9.983698419091525e-07,0.06953442841768265,5.950317245151382e-06,0.00019133705063723028,Bass_drum
9a4bfb69.wav,Bass_drum,0.09992475807666779,0.6167351603507996,0.007394254673272371,0.0031346194446086884,0.06182452663779259,0.003084413008764386,2.198773654527031e-05,0.096525177359581,0.10986471176147461,0.00149033241905272,Bass_drum
18865530.wav,Flute,0.08020014315843582,0.19085516035556793,0.048411428928375244,0.01434855256229639,0.021413065493106842,0.23633994162082672,0.016208503395318985,0.2549774944782257,0.09363766759634018,0.04360806569457054,Saxophone
9f6eac9c.wav,Flute,0.12583059072494507,0.0064535862766206264,0.11173874139785767,0.031514786183834076,0.1594700813293457,0.009648572653532028,0.005923687480390072,0.30935388803482056,0.09968923032283783,0.14037685096263885,Saxophone
07db7f16.wav,Flute,0.5391303896903992,0.000753697648178786,0.181597039103508,0.002277655526995659,0.11095675081014633,0.04338565468788147,0.007029844913631678,0.0964626669883728,0.0003879255673382431,0.01801844872534275,Acoustic_guitar
dc6676ff.wav,Flute,0.026843814179301262,0.5129819512367249,0.022380966693162918,0.014521478675305843,0.006340121850371361,0.1688336431980133,0.0036021729465574026,0.19686487317085266,0.012279815040528774,0.035351138561964035,Bass_drum
3eaddda8.wav,Flute,0.08242282271385193,0.004606189671903849,0.1829451322555542,0.04453115165233612,0.22982895374298096,0.014924544841051102,0.0006948660593479872,0.27485191822052,0.1006079763174057,0.06458646804094315,Saxophone
1b93aeba.wav,Flute,0.10447286814451218,0.0015141742769628763,0.00441892072558403,0.0005473433993756771,0.008074549026787281,0.019786514341831207,0.0031601209193468094,0.13361777365207672,0.6896377801895142,0.03477000445127487,Snare_drum
c683f28f.wav,Flute,0.2921096086502075,0.006420555058866739,0.19673267006874084,0.0324365459382534,0.28361138701438904,0.030078917741775513,0.004337912891060114,0.1381060779094696,0.0007883831858634949,0.015377910807728767,Acoustic_guitar
55d52a69.wav,Flute,0.21135516464710236,0.01285984180867672,0.03730431944131851,0.0076544880867004395,0.01858573965728283,0.10879731923341751,0.01864895597100258,0.5374817252159119,0.005133971106261015,0.04217846691608429,Saxophone
ca8653d2.wav,Flute,0.13898740708827972,0.011024018749594688,0.1765197217464447,0.062178537249565125,0.14866013824939728,0.025236496701836586,0.003504851832985878,0.2796967625617981,0.049654971808195114,0.10453708469867706,Saxophone
6b27a847.wav,Flute,0.03364304080605507,0.31528404355049133,0.05539459362626076,0.015249693766236305,0.004575456026941538,0.23224903643131256,0.006717076525092125,0.25018811225891113,0.030560888350009918,0.0561380609869957,Bass_drum
4bcc8a77.wav,Flute,0.27617374062538147,0.007681599352508783,0.009267634712159634,0.001954995561391115,0.008643456734716892,0.038168713450431824,0.007819773629307747,0.2237723469734192,0.3999486565589905,0.026569074019789696,Snare_drum
84f5b84b.wav,Flute,0.13341212272644043,0.0016327638877555728,0.11247358471155167,0.01286426279693842,0.7037341594696045,0.013742239214479923,8.041370892897248e-05,0.019544199109077454,9.419387788511813e-05,0.002422172110527754,Double_bass
5d73ee6f.wav,Flute,0.18125420808792114,0.009860978461802006,0.21336792409420013,0.02993389219045639,0.16291067004203796,0.011221444234251976,0.002930667484179139,0.29224005341529846,0.029820511117577553,0.06645965576171875,Saxophone
5d040c3b.wav,Flute,0.1780002862215042,0.02341010980308056,0.021886201575398445,0.0003409193304833025,0.05512664094567299,0.0058027212508022785,0.00200957665219903,0.2071516066789627,0.32211464643478394,0.18415728211402893,Snare_drum
6a037ddf.wav,Flute,0.22484339773654938,0.002957521937787533,0.016606731340289116,0.006030065938830376,0.006840720772743225,0.031719058752059937,0.004471955355256796,0.6717643141746521,0.0022132343146950006,0.03255300968885422,Saxophone
35e97db3.wav,Flute,0.1552363932132721,0.14618492126464844,0.11115691810846329,0.009070995263755322,0.019616223871707916,0.13732598721981049,0.0023960063699632883,0.1765047013759613,0.21612825989723206,0.026379574090242386,Snare_drum
d14f5df1.wav,Flute,0.16021859645843506,0.01517814863473177,0.09027878940105438,0.018831118941307068,0.21518005430698395,0.015781095251441002,0.0007567752036266029,0.3553188741207123,0.09064967185258865,0.03780699893832207,Saxophone
9f522cda.wav,Flute,0.199886292219162,0.034537333995103836,0.10300146043300629,0.15973719954490662,0.05041726306080818,0.055783964693546295,0.013000980950891972,0.29249128699302673,0.07708548754453659,0.014058704487979412,Saxophone
fe76c972.wav,Flute,0.13098548352718353,0.0034119209740310907,0.10769768804311752,0.014536513015627861,0.2307531088590622,0.013357846066355705,0.0026324300561100245,0.3486482799053192,0.04170377179980278,0.10627299547195435,Saxophone
562d93f5.wav,Flute,0.11837107688188553,0.00656799366697669,0.15036216378211975,0.06303443014621735,0.14025412499904633,0.011309653520584106,0.00507002230733633,0.29032811522483826,0.10596106946468353,0.1087414100766182,Saxophone
fa32109e.wav,Flute,0.16561084985733032,0.0020405706018209457,0.12223044782876968,0.07133927941322327,0.1291985958814621,0.017685487866401672,0.002145732520148158,0.3222501575946808,0.04858309030532837,0.11891580373048782,Saxophone
b4b2b68d.wav,Flute,0.09120385348796844,0.008517010137438774,0.15024076402187347,0.050700586289167404,0.21336686611175537,0.012428383342921734,0.00018655484018381685,0.12850528955459595,0.3254770338535309,0.019373659044504166,Snare_drum
af227d6f.wav,Flute,0.15095190703868866,0.002890694187954068,0.13677622377872467,0.039552271366119385,0.28771018981933594,0.020127002149820328,0.004116171505302191,0.29315856099128723,0.034182965755462646,0.030533909797668457,Saxophone
85d6a7d2.wav,Flute,0.11932961642742157,0.010139575228095055,0.14635983109474182,0.029069621115922928,0.37205374240875244,0.02410595305263996,0.00043373118387535214,0.26409024000167847,0.008776099421083927,0.02564164623618126,Double_bass
3707da71.wav,Flute,0.17804433405399323,0.002530045807361603,0.2037987858057022,0.030642371624708176,0.24452348053455353,0.02034286968410015,0.005370055790990591,0.20022088289260864,0.06587682664394379,0.048650410026311874,Double_bass
61c914b1.wav,Flute,0.04229758307337761,0.02903127111494541,0.027762213721871376,0.009003937244415283,0.013016819953918457,0.26510217785835266,0.015040836296975613,0.45650041103363037,0.021898478269577026,0.12034625560045242,Saxophone
f5e20dce.wav,Flute,0.0669618546962738,0.005460789892822504,0.014014041982591152,0.00024551208480261266,0.005234816577285528,0.06283801794052124,0.001349413301795721,0.17561224102973938,0.6066480278968811,0.06163538247346878,Snare_drum
b0d9849d.wav,Flute,0.1609891653060913,0.0024271407164633274,0.09883467108011246,0.05922799929976463,0.1426457017660141,0.023859011009335518,0.008610435761511326,0.37450873851776123,0.05357535555958748,0.07532189041376114,Saxophone
6ef82473.wav,Flute,0.1763492077589035,0.013616546988487244,0.11631965637207031,0.04263584688305855,0.21210859715938568,0.01406111940741539,0.0005659981979988515,0.20581328868865967,0.19811321794986725,0.020416520535945892,Double_bass
8986cced.wav,Flute,0.017076460644602776,0.0003438308776821941,0.0012779009994119406,3.084842683165334e-05,0.0004135682247579098,0.0013354788534343243,0.009659561328589916,0.3021242320537567,0.6520901322364807,0.01564815640449524,Snare_drum
a64a3740.wav,Clarinet,0.368129700422287,0.03497714921832085,0.10737927258014679,0.005117527209222317,0.04398459941148758,0.054314546287059784,0.0037192523013800383,0.35789933800697327,0.011676982045173645,0.012801744043827057,Acoustic_guitar
ad7ec8cb.wav,Clarinet,0.27216923236846924,0.02590356022119522,0.04740835353732109,0.00504112895578146,0.019386300817131996,0.060730498284101486,0.004259897395968437,0.5149675011634827,0.028935005888342857,0.02119852788746357,Saxophone
8ee44fb5.wav,Clarinet,0.5686060190200806,0.02552057057619095,0.02021525800228119,0.000793157727457583,0.11790302395820618,0.05021955072879791,0.021259494125843048,0.03489670902490616,0.1511359065771103,0.009450242854654789,Acoustic_guitar
7eb959ec.wav,Clarinet,0.15865711867809296,0.0009483409230597317,0.04884521663188934,0.0010661464184522629,0.11652795970439911,0.047911081463098526,0.010738855227828026,0.11359783262014389,0.4295065402984619,0.07220090925693512,Snare_drum
e51e1770.wav,Clarinet,0.6371584534645081,0.01880819909274578,0.027916841208934784,0.0008825614931993186,0.09614571183919907,0.02995041385293007,0.03368619829416275,0.004691349342465401,0.14487451314926147,0.005885821767151356,Acoustic_guitar
3f7e6da8.wav,Clarinet,0.021957233548164368,9.291889728046954e-05,0.0007768462528474629,1.6804211554699577e-05,0.004644050262868404,0.014034315943717957,0.002928204135969281,0.08796194195747375,0.8080523014068604,0.059535447508096695,Snare_drum
3cbe9902.wav,Clarinet,0.3162492513656616,0.003926195204257965,0.010187809355556965,0.00012219895143061876,0.014971978962421417,0.04938399791717529,0.014966484159231186,0.2091638594865799,0.2948557138442993,0.08617249131202698,Acoustic_guitar
9a722e53.wav,Clarinet,0.17433315515518188,0.009947165846824646,0.014737154357135296,8.963145955931395e-05,0.08951513469219208,0.02730495110154152,0.025404630228877068,0.0998319759964943,0.5159462690353394,0.0428900346159935,Snare_drum
19105b8a.wav,Clarinet,0.27686771750450134,0.0013964732643216848,0.10536918044090271,0.0015151313273236156,0.20875264704227448,0.10630670934915543,0.002642557490617037,0.11969275772571564,0.10858501493930817,0.06887180358171463,Acoustic_guitar
1f81cc2b.wav,Clarinet,0.27525949478149414,0.0031424204353243113,0.05979067087173462,0.0019769719801843166,0.19558711349964142,0.060642752796411514,0.00929300393909216,0.10606934875249863,0.20582038164138794,0.08241771906614304,Acoustic_guitar
44c5094c.wav,Clarinet,0.2076244205236435,0.0002534480590838939,0.08133672922849655,0.0027219026815146208,0.6280888915061951,0.06819980591535568,0.00013582620886154473,0.002059518825262785,0.00425370829179883,0.0053257751278579235,Double_bass
5506629f.wav,Clarinet,0.04532911628484726,0.09869153052568436,0.001565466052852571,5.870451423106715e-05,8.826624980429187e-05,0.008706280030310154,0.0019375324482098222,0.03383582830429077,0.7889754772186279,0.02081185020506382,Snare_drum
ddf23920.wav,Clarinet,0.03082817979156971,0.5140439867973328,0.013527488335967064,0.0026076145004481077,0.004135820083320141,0.028526822105050087,0.002905855653807521,0.3594583570957184,0.02650582790374756,0.01746010221540928,Bass_drum
2e1cd085.wav,Clarinet,0.4946369528770447,0.0022472043056041002,0.1010090634226799,0.0029724424239248037,0.08247409760951996,0.06927552074193954,0.003984926734119654,0.22743107378482819,0.002117147669196129,0.013851569965481758,Acoustic_guitar
dc981a38.wav,Clarinet,0.28323325514793396,0.0019046443048864603,0.19253161549568176,0.07186979800462723,0.22212809324264526,0.05134788900613785,0.0054880050010979176,0.07302025705575943,0.035164013504981995,0.06331241875886917,Acoustic_guitar
a053797b.wav,Clarinet,0.7956705689430237,0.022061830386519432,0.03596927970647812,5.9453446738189086e-05,0.011445561423897743,0.0018068451900035143,0.014694162644445896,0.029149474576115608,0.08848452568054199,0.0006582901696674526,Acoustic_guitar
f2310f0d.wav,Clarinet,0.7927549481391907,0.02115756645798683,0.03626644238829613,4.187566082691774e-05,0.008426069281995296,0.0012893617385998368,0.014269581064581871,0.017527900636196136,0.10777464509010315,0.0004915192257612944,Acoustic_guitar
ce65d6b5.wav,Clarinet,0.17127607762813568,0.00485303346067667,0.001269758795388043,5.1900497055612504e-05,0.0003586838720366359,0.001184412743896246,0.023352034389972687,0.41568323969841003,0.37887367606163025,0.0030972720123827457,Saxophone
45de3233.wav,Clarinet,0.014635476283729076,0.09152018278837204,0.001081618363969028,1.4397978702618275e-05,1.2544353921839502e-05,0.0006875628023408353,0.0003560197656042874,0.1548100709915161,0.7311325669288635,0.005749501753598452,Snare_drum
8916ffcd.wav,Clarinet,0.24785690009593964,0.0044415113516151905,0.0774640440940857,0.0013616095529869199,0.3599056303501129,0.03588380664587021,0.0005853790789842606,0.004309844225645065,0.23837703466415405,0.029814185574650764,Double_bass
e43f7db2.wav,Clarinet,0.12035997211933136,0.00010904435475822538,0.4589840769767761,0.07267557829618454,0.30959221720695496,0.028566531836986542,7.349657971644774e-05,0.0014462696854025126,0.0041955336928367615,0.003997154533863068,Cello
3c66098d.wav,Clarinet,0.045688074082136154,0.07019229978322983,0.027403054758906364,0.009981251321732998,0.013170518912374973,0.28585079312324524,0.01380845531821251,0.42091721296310425,0.019181808456778526,0.09380646049976349,Saxophone
ad42e493.wav,Clarinet,0.8285787105560303,0.01950734481215477,0.02816864103078842,5.866356150363572e-05,0.009860158897936344,0.0017655962146818638,0.009562656283378601,0.04735453799366951,0.054171040654182434,0.0009725195704959333,Acoustic_guitar
740e5bb7.wav,Clarinet,0.1791827529668808,0.001502376515418291,0.033758945763111115,0.0008678882732056081,0.1261165291070938,0.13655026257038116,0.006745218764990568,0.0965534895658493,0.3443409204483032,0.07438155263662338,Snare_drum
800b401e.wav,Clarinet,0.009390000253915787,0.210507333278656,0.006492895074188709,9.174198203254491e-05,0.00017272622790187597,0.0024276149924844503,0.0005304779042489827,0.4729044437408447,0.2838882803916931,0.01359448954463005,Saxophone
3c713bcf.wav,Clarinet,0.020729344338178635,0.0014981882413849235,0.0019972205627709627,2.5045590518857352e-05,3.47650347976014e-05,0.004260476212948561,0.008656763471662998,0.02324550598859787,0.908544659614563,0.031007977202534676,Snare_drum
2fc00271.wav,Clarinet,0.5674244165420532,0.016249872744083405,0.051867853850126266,0.0003502422769088298,0.087626151740551,0.03490092605352402,0.016744134947657585,0.048605356365442276,0.16195614635944366,0.014274957589805126,Acoustic_guitar
b0c06255.wav,Clarinet,0.13940222561359406,5.329883060767315e-05,0.1691226065158844,0.0016911732964217663,0.5332171320915222,0.136363223195076,0.00019832407997455448,0.002575065242126584,0.004362940788269043,0.013013998977839947,Double_bass
71c6451f.wav,Clarinet,0.3445288836956024,0.0009372351923957467,0.0555572547018528,0.014852562919259071,0.0079795578494668,0.05730464681982994,0.023883787915110588,0.13230209052562714,0.1135251522064209,0.24912886321544647,Acoustic_guitar
5de123c3.wav,Clarinet,0.0937885195016861,0.00838486012071371,0.21930620074272156,0.006269529927521944,0.5011574029922485,0.054848235100507736,0.0017717458540573716,0.006640566047281027,0.09568013995885849,0.012152833864092827,Double_bass
